cc460ff8-7b2c-4544-9fd8-b90341a4a649,30,16-261-6833
e89466b5-845e-4034-8094-c01a1691e4d4,30,68-640-8439
f9d4cfb6-3b0a-432d-b257-bdd1d4405f99,30,77-296-8968
156ef3c3-b181-48fa-963a-98b56cb9eb41,30,77-296-8968
3fa32014-d05e-4087-99be-9f5da606fa30,30,49-905-3148
f5b049de-ffa9-42cb-9569-fe64b85e668c,30,79-669-1772
51e65297-afec-414e-ad4e-e3fef3b9f7d2,30,68-640-8439
278724d0-9b91-4a3f-86d9-59eaf0855cdc,30,49-905-3148
ea54e417-a693-4c27-a976-589cb8fa41bc,30,12-909-2888
26d1b97b-1747-4909-80e2-a44750f2d91a,30,47-365-5156
d14820fc-a17d-4cf3-abb3-35f32a516880,30,16-261-6833
ecc8f721-56b6-4a2f-9743-4488e6cad0f3,30,68-640-8439
f6e87c97-b8b8-47dd-bb1b-fb49c197a20b,30,77-296-8968
9cb05736-26d2-46f8-860b-7a863c7d140c,30,77-296-8968
68f7ecd1-3adb-4f95-971b-3f43a6101b5c,30,47-365-5156
92d6211b-12cd-4f26-86f5-c9e0e66dd4c1,30,49-824-6054
0cb0dfec-4a79-48c3-b9af-fbf543d1da24,30,96-436-0532
67aa1d89-de83-40b5-b118-72bdbcbf492c,30,49-905-3148
de0a330a-089f-45d2-86d8-f03d21fe0698,30,49-905-3148
be542b9c-0186-4e77-ac69-b606b3212e14,30,79-669-1772